chapter_name,event_number
Central,304
Trevor Browne,303
Kingman Academy,301
Kingman Academy,302
Kingman Academy,303
Kingman Academy,304
Ironwood,301
Ironwood,302
Ironwood,303
Ironwood,304
Duncan,301
Duncan,302
Duncan,303
Duncan,304
Washington,301
Washington,302
Washington,303
Washington,304
Pima,302
Pima,303
Benson,301
Benson,302
Benson,303
Benson,304
Peoria,301
Peoria,302
Peoria,303
Fairfax,303
Fairfax,304
Liberty,301
Liberty,302
Liberty,303
Liberty,304
Coolidge,301
Coolidge,303
Coolidge,304
Mountain View,301
Mountain View,302
Mountain View,303
Mountain View,304
Centennial,301
Centennial,302
Centennial,303
Centennial,304
Kingman,301
Kingman,302
Kingman,303
Kingman,304
Thatcher,303
Millennium,301
Millennium,303
Millennium,304
Sedona Red Rock,303
Sedona Red Rock,304
Raymond S. Kellis,303
Raymond S. Kellis,304